Group,Item,Qty,Category,Standard,Material,Dimensions,Features,Finish,Color,Notes
0. Sled,Sled,1,FDM printed,,Extrudr PETG,,"0.2mm layer, 25% honeycomb",,black,
0. Sled,Jaw,1,FDM printed,,Extrudr PETG,,"0.2mm layer, 25% honeycomb",,neon-orange,
0. Sled,Lever,1,FDM printed,,Extrudr ASA,,"0.2mm layer, 25% honeycomb",,neon-orange,
0. Sled,M4 knurled Nut,1,FDM printed,,Extrudr PETG,,0.2mm layer,,black,
0. Sled,compression spring,2,,,spring steel,15/0.5/5mm (L/ID/OD),,nickel plated,silver,
0. Sled,M4 self-locking Nut,1,Nut,ISO 10511,,,Grade 8.8,galvanized,silver,
0. Sled,acme Nut,1,CNC-milled,,POM,,,,black,Ali Express
0. Sled,M5 self-locking Nut,6,Nut,ISO 10511,,,Grade 10.8,black,silver,
0. Sled,bushing sled,4,Bushing (SF-1 1225),,Copper Graphite,12x14x25mm,,,copper,
0. Sled,T8 Spindle,1,T8 lead screw,,1.4301 Stainless Steel,200mm,"8mm lead, 2mm pitch",,silver,
0. Sled,T8 lock-nut,1,T8 lead screw,,brass,,"8mm lead, 2mm pitch",,brass,
0. Sled,centerpiece for lever,1,lathe machined,,,,M4 thread,,brass,
0. Sled,Pulley spindle,1,GT2,,,"8mm bore, belt Width 6mm","30 teeth, 8mm bore, belt width 6mm",anodized,natural,
0. Sled,M5x16 countersunk hex,2,Screw,,steel,,,,,
0. Sled,M5x20 countersunk hex,2,Screw,,steel,,,,,
0. Sled,M4 threaded rods,1,Threaded rod,DIN 976 Form B,steel,M4x120mm,,galvanized,,
1. Headsled,Headsled,1,CNC-milled Aluminium 7075,,,,,anodized,black,
1. Headsled,Hammerhead,1,Coil assembly,,Copper coil in steel housing,,"carbide tip, aluminium retainer",,silver/red,
1. Headsled,acme Nut,1,CNC-milled,,POM,,,,black,
1. Headsled,M5x20 countersunk hex,2,Screw,ISO 10642,,,Grade 10.8,black,black,
1. Headsled,M5 self-locking Nut,3,Nut,ISO 10511,,,Grade 10.8,black,silver,
1. Headsled,bushing headsled,4,Bushing (SF-1 1220),,Copper Graphite,12x14x20mm,,,copper,
1. Headsled,T8 Spindle,1,T8 lead screw,,1.4301 Stainless Steel,200mm,"8mm lead, 2mm pitch",,silver,
1. Headsled,T8 lock-nut,1,T8 lead screw,,brass,,"8mm lead, 2mm pitch",,brass,
1. Headsled,Pulley spindle,1,GT2,,,"8mm bore, belt Width 6mm","30 teeth, 8mm bore, belt width 6mm",anodized,natural,
1. Headsled,Cableclip screw 2x,1,FDM printed,,Extrudr PC/PBT,,0.2mm layer,,black,
1. Headsled,M4x16 countersunk hex,1,Screw,DIN 912 / ISO 4762,,,"Grade 10.9, socket head cap screw",black,,
2. Front,Front,1,FDM printed,,Extrudr PETG,,"0.2mm layer, 25% honeycomb",,black,
2. Front,bearing,1,Bearing (608Z),,,,,,silver,NSK Japan
2. Front,M3 self-locking Nut,2,Nut,ISO 10511,,,Grade 8.8,galvanized,silver,
2. Front,M3x12 cyl. hex,2,Screw,ISO4762,,,Grade 12.9,black,black,
2. Front,Foot,2,FDM printed,,Extrudr TPU 85A,,"0.2mm layer, 5% grid",,black,
3. Back,Back,1,FDM printed,,Extrudr PETG,,"0.2mm layer, 25% honeycomb",,black,
3. Back,bearing,1,Bearing (608Z),,,,,,silver,NSK Japan
3. Back,M3 self-locking Nut,2,Nut,ISO 10511,,,Grade 8.8,galvanized,silver,
3. Back,M3x12 cyl. hex,2,Screw,ISO4762,,,Grade 12.9,black,black,
3. Back,Foot,2,FDM printed,,Extrudr TPU 85A,,"0.2mm layer, 0% infill",,black,
3. Back,y-Nema Holder,1,FDM printed,,Extrudr ASA,,"0.2mm layer, 25% honeycomb",,neon-orange,
3. Back,Nema17,1,Stepper motor,,,,model 42DN0155B-22,,black,
3. Back,stepper cable 20cm,1,Stepper cable,,,20cm,"PHR-6 / XHP-4, UL1007 24AWG 4P",,black,specsheet on GitHub
3. Back,Pulley motor,1,GT2,,,"5mm bore, belt Width 6mm","30 teeth, 5mm bore, belt width 6mm",anodized,natural,
3. Back,y-Axis Timing Belt,1,Timing belt,,,6 x 150mm,,,black,
3. Back,M3x30 cyl.hex,4,Screw,ISO4762,,,Grade 12.9,black,black,
3. Back,M5 self-locking Nut,2,Nut,ISO 10511,,,Grade 10.8,black,black,
4. Left,Left,1,FDM printed,,Extrudr PETG,,"0.2mm layer, 25% honeycomb",,black,
4. Left,bearing,1,Bearing (608Z),,,,,,silver,NSK Japan
4. Left,M3 self-locking Nut,2,Nut,ISO 10511,,,Grade 8.8,galvanized,silver,
4. Left,M3x12 cyl. hex,6,Screw,ISO4762,,,Grade 12.9,black,black,
4. Left,x-Nema Holder,1,FDM printed,,Extrudr ASA,,"0.2mm layer, 25% honeycomb",,neon-orange,
4. Left,x-House,1,FDM printed,,Extrudr ASA,,"0.2mm layer, 25% honeycomb",,neon-orange,
4. Left,Magnet,0,Magnet,,NdFeB (neodymium),3x3mm cylindrical,Grade N45,nickel plated,silver,
4. Left,Nema17,1,Stepper motor,,,,model 42DN0155B-22,,black,
4. Left,stepper cable 15cm,1,Stepper cable,,,15cm,"PHR-6 / XHP-4, UL1007 24AWG 4P",,black,specsheet on GitHub
4. Left,Pulley motor,1,GT2,,,"5mm bore, belt Width 6mm","30 teeth, 5mm bore, belt width 6mm",anodized,natural,
4. Left,x-Axis Timing Belt,1,Timing belt,,,6 x 200mm,,,black,
4. Left,M4x25 countersunk hex,2,Screw,ISO 10642,,,Grade 10.8,black,black,
4. Left,M4 self-locking Nut,2,Nut,ISO 10511,,,Grade 8.8,galvanized,silver,
5. Right,Right,1,FDM printed,,Extrudr PETG,,"0.2mm layer, 25% honeycomb",,black,
5. Right,bearing,1,Bearing (608Z),,,,,,silver,NSK Japan
5. Right,M3 self-locking Nut,2,Nut,ISO 10511,,,Grade 8.8,galvanized,silver,
5. Right,M3x12 cyl. hex,2,Screw,ISO4762,,,Grade 12.9,black,black,
6. Electronics,Faceplate,1,FDM printed,,Extrudr PETG,,"0.2mm layer, 25% honeycomb",,black,
6. Electronics,PCB,1,PCB,,,,,,green,JLCPCB
6. Electronics,LCD,1,LCD module,,,,"3.5"" IPS TFT, 320x480, capacitive touch incl. controller",,,no ZIF connector
7. Body,rod,4,Rod,,1.4301 Stainless Steel,12 x 200mm,"ground h9, +1mm length",,silver,
7. Body,spring washer,1,Spring washer,,spring steel,8x0.2mm,,,silver,SKF (mfr)
7. Body,Cableclip 1x,3,FDM printed,,Extrudr PC/PBT,,0.2mm layer,,black,
7. Body,Cableclip 2x,2,FDM printed,,Extrudr PC/PBT,,0.2mm layer,,black,
7. Body,M5x30 countersunk hex,8,Screw,ISO 10642,,,Grade 10.8,black,black,
7. Body,M5 self-locking Nut,6,Nut,ISO 10511,,,Grade 10.8,black,black,
7. Body,Plate,1,Plate,,1.4404 316L,85x85x3mm,r=5mm corner radius,,silver,specsheet on GitHub
